Phone,Address,Rating,Description,Name
0334 8511719,"Shop #. S-19/20, Rabi Center, Murree Rd, Block B Satellite Town, Rawalpindi, 46000",5.0,N/A,Designer Hut by Raheel
(021) 34521114,"Dolmen Mall, LG1 & 2, Tariq Rd, Delhi CHS P.E.C.H.S., Karachi, 75400",3.0,N/A,Atelier - The Designers lounge
(042) 37181402,"، Veterans Plaza 44 Commercial, Sector D Phase 6 DHA, Lahore, 54810",4.4,N/A,designerseast
0333 5469484,"SHOP NO UG 17, SAMAMA MALL, Gulberg Greens Islamabad, 44600",5.0,N/A,DESIGNERS
0300 6611640,"City centre, A block, Phase 2 New City, Wah, 46000",5.0,N/A,The house of designer’s
0333 7018563,N/A,5.0,N/A,MM Design Studio
0312 0777000,"، Small Industry Rd, Abbottabad, Pakistan, Sir Syed Colony, Abbottabad, 22010",4.6,N/A,Green Decorators
0310 4526925,"13-C-1, Main MM Alam Rd, adjacent to Cafe Aylanto, Gulberg III, Lahore, 54000",4.5,N/A,Kanwal Malik
0328 1348264,N/A,5.0,N/A,Divani Pakistan
0300 4091911,N/A,4.5,N/A,Sadia Rasheed Interior Design
,,"❌ Google Maps error: HTTPSConnectionPool(host='google.serper.dev', port=443): Read timed out. (read timeout=30)",,,
"Mahmood textile Mills, Muzaffargarh, 34200",N/A,Mahmood Textile Mills Unit #4,(066) 2425416,4.5,Google Maps
"Shop 1, 1st floor Ahmad arcade sector E commercial phase 8 Bahria town E, Rawalpindi, 46220",N/A,Textile Shop,0316 5318839,4.5,Google Maps
"Khushab-Muzaffargarh Rd, Bhuttapur, Shahwala, Muzaffargarh, 59320",N/A,Fazal Cloth Mills Ltd,0333 7868139,4.3,Google Maps
"D G Khan Road, Muzaffargarh, 34200",N/A,"Mahmood Textile Mills Ltd., Unit No.05",0308 8685628,4.3,Google Maps
N/A,N/A,Anees Textile Mills,(061) 4377335,4,Google Maps
"15, D type",N/A,PAK TEXTILE INDUSTRIES,N/A,N/A,Google Maps
"، Shmshabad st1، Jhumra Road, 38000",N/A,White Line Textile,0314 6697570,N/A,Google Maps
"XMP3 QVR, Indus Hwy, Dera Ghazi Khan",N/A,Choti Textile Mill,N/A,3.8,Google Maps
online,N/A,Hadi's Fabric & Accessories,0332 4672862,N/A,Google Maps
"926G CCH, Khuiratta, 11200",N/A,MEHBOOB Textile’s™️,0348 0817017,5,Google Maps
